Sites	Indel_prop	Indel_prop(ConvLeaves)	PCOC_V1	PC_V1	OC_V1
872	0.0	0.0	0.389065171139	0.5	0.801314683475
1227	0.0	0.0	0.914299058631	0.5	0.971463864447
