Sites	Indel_prop	Indel_prop(ConvLeaves)	PCOC_V1	PC_V1	OC_V1
390	0.0	0.0	0.0011652868034	0.5	0.808423913027
776	0.0	0.0	0.654834216079	0.5	0.954914370403
1068	0.0	0.0	0.998915482878	0.5	0.999999093322
1303	0.0	0.0	0.270889651292	0.5	0.999345771718
1318	0.0	0.0	0.18816090191	0.5	0.983729390022
