Sites	Indel_prop	Indel_prop(ConvLeaves)	PCOC_V1	PC_V1	OC_V1
305	0.235294117647	0.222222222222	0.789021145686	0.5	0.934452648311
1187	0.0	0.0	0.656552990946	0.5	0.89140393624
