Sites	Indel_prop	Indel_prop(ConvLeaves)	PCOC_V1	PC_V1	OC_V1
489	0.0	0.0	0.307015461393	0.5	0.990921487132
1048	0.0	0.0	0.137301593921	0.5	0.979543022007
1070	0.0	0.0	0.0277000273191	0.5	0.848758645942
