Sites	Indel_prop	Indel_prop(ConvLeaves)	PCOC_V1	PC_V1	OC_V1
1210	0.0	0.0	0.00369025081585	0.5	0.908226581697
1385	0.0178571428571	0.0344827586207	0.0152803545094	0.5	0.982843245513
